"ID","Description","setSize","enrichmentScore","NES","pvalue","p.adjust","qvalue","rank","leading_edge","core_enrichment"
"hsa03010","Ribosome",139,-0.607263139136502,-2.98798089247554,1e-10,3.38e-08,2.45263157894737e-08,2888,"tags=64%, list=26%, signal=48%","RPLP1/RPL36/MRPL38/RPL14/MRPS22/MRPL36/MRPS7/MRPL10/RPL36AL/DAP3/RPL12/MRPL4/MRPL49/MRPS35/MRPL35/MRPL46/MRPL54/RPL35A/MRPL40/MRPL2/RPL30/MRPL19/MRPS14/RPL22/RPL10A/MRPL45/MRPL39/RPS27A/MRPL43/MRPS26/MRPS15/RPS3/RPLP2/MRPL20/MRPS5/MRPL51/MRPL3/RPS6/FAU/RPS27/RPL6/RPS14/RPL35/RPS29/MRPS25/RPS16/RPL27/MRPL50/MRPS23/RPS9/RPL8/MRPL32/MRPL30/RPL11/RPL34/RPL15/MRPS18B/MRPS9/RPL29/RPL3/MRPL24/RPL31/RPS24/MRPL48/MRPL11/RPL39/MRPL9/RPL36A/RPL7/RPS18/MRPS30/MRPL1/MRPS10/RPS10/RPS5/RPS17/MRPL42/MRPS11/MRPS31/MRPS33/RPS21/MRPS28/RPS15A/RPLP0/RPS7/RPS23/RSL24D1/RPL9/RPS27L"
"hsa04610","Complement and coagulation cascades",35,0.680762080572942,2.51451732581226,8.18098424078248e-08,1.38258633669224e-05,1.00324701479069e-05,2725,"tags=74%, list=25%, signal=56%","PROS1/SERPING1/CLU/F5/CR1/CD59/C3AR1/PLAUR/F13A1/VSIG4/ITGB2/CR1L/F12/SERPINA1/THBD/VWF/C2/CD46/F2R/CD55/C4BPB/C1QA/ITGAM/C5AR1/ITGAX/MASP1"
"hsa04613","Neutrophil extracellular trap formation",96,0.473705727738092,2.1394700407867,6.87278840081432e-07,7.04176593528744e-05,5.1097211551603e-05,2623,"tags=46%, list=24%, signal=35%","ITGB3/ITGA2B/MPO/CAMP/CR1/SELP/GP1BA/AZU1/TLR2/CLEC7A/MAPK14/TLR8/CLCN3/MAPK1/PADI4/ITGB2/RAC1/CLCN4/CR1L/PIK3R2/ATG7/FPR2/VWF/PLCG2/TLR4/FCGR1A/TLR7/HDAC4/CYBA/MAP2K1/MAPK3/SYK/CASP1/HDAC7/NCF1/NCF4/AQP9/SIGLEC9/SELPLG/FCGR3B/CYBB/ITGAM/C5AR1/FPR1"
"hsa04148","Efferocytosis",117,0.444762137120461,2.0835313891173,9.63685503338905e-07,7.04176593528744e-05,5.1097211551603e-05,2126,"tags=40%, list=19%, signal=33%","ARG1/PROS1/THBS1/ITGB3/ADAM9/ITGB5/PBX1/CD24/ATP11A/SIRPA/SIRPB1/JAK2/MAPK14/EPOR/MAPK1/ALOX15/RAC1/TMEM30A/ADAM10/SLC2A1/SIGLEC10/RXRA/CD36/SCARF1/ALOX5/ATP11B/ANO6/VPS8/CAMK2G/RAB7A/PECAM1/MAP2K1/MAPK3/RAB5C/RAB5A/CASP1/GPR132/P2RY6/RAB14/ATP2A2/TGFB1/PTGER4/LRP1/STAB1/ARG2/ATP8A1/ARNT"
"hsa04621","NOD-like receptor signaling pathway",140,0.423717374349708,2.03808456686125,1.04168135137388e-06,7.04176593528744e-05,5.1097211551603e-05,2789,"tags=49%, list=25%, signal=37%","DEFA4/CAMP/CARD8/OAS3/BCL2L1/NAIP/NLRC4/NLRP3/CARD6/MAPK14/CARD16/MAPK1/CASP5/GBP1/CXCL1/STAT2/MFN2/ANTXR2/TNF/BIRC2/IL18/TANK/TLR4/STAT1/CTSB/NFKBIA/NLRX1/NOD2/PRKCD/IKBKG/GBP2/TAB3/YWHAE/CYBA/JUN/PYCARD/MAPK3/RNASEL/TXN/NLRP12/GBP5/RIPK2/CASP1/MCU/IRF7/MYD88/FADD/MFN1/NAMPT/GBP3/GABARAPL2/P2RX7/IFI16/CHUK/PANX1/CYBB/NFKBIB/TAB2/MAP1LC3B/TBK1/IL1B/MEFV/IFNAR1/NEK7/SHARPIN/RHOA/OAS2/IFNAR2"
"hsa05219","Bladder cancer",32,0.612825397208278,2.22533652226248,2.59893681083002e-05,0.00146406773676758,0.00106237241565508,1505,"tags=44%, list=14%, signal=38%","THBS1/EGF/MMP9/VEGFA/MAPK1/E2F2/BRAF/DAPK1/MDM2/DAPK2/CDKN1A/MAP2K1/TYMP/MAPK3"
"hsa03008","Ribosome biogenesis in eukaryotes",62,-0.473317681766783,-2.01792662344863,4.9063624690914e-05,0.00207293814319112,0.00150418744118197,3694,"tags=61%, list=34%, signal=41%","UTP6/RIOK2/WDR3/AK6/UTP15/NOL6/BMS1/NOB1/CSNK2A1/IMP3/GAR1/TCOF1/NVL/CSNK2A2/RCL1/NXF1/GNL3/NHP2/FCF1/RAN/NAT10/NOP58/NMD3/MDN1/EMG1/HEATR1/MPHOSPH10/GNL2/RPP38/POP1/GTPBP4/LSG1/FBL/UTP14A/POP5/RPP30/WDR36/XPO1"
"hsa03040","Spliceosome",125,-0.37988251770123,-1.83005002276736,4.47359933181074e-05,0.00207293814319112,0.00150418744118197,3746,"tags=49%, list=34%, signal=33%","PRPF6/HNRNPA1/PRPF40A/SNW1/PRPF8/USP39/WBP11/HNRNPM/ALYREF/SF3B5/LSM4/DDX42/NCBP2/PPIH/XAB2/PRPF3/PRPF4/CTNNBL1/SRSF5/TRA2B/U2SURP/U2AF1L4/SNRNP70/AQR/SNRPD3/U2AF1/LSM7/PLRG1/SNRPF/HNRNPA3/RBM17/PRPF38A/PPIL1/CWC15/HNRNPC/LSM2/SNRPD1/SF3B3/THOC2/SNRPE/SF3B1/DHX15/HNRNPU/PRPF38B/RP9/RBMX2/SRSF6/SRSF10/PPIE/SRSF3/SNRPA/LSM5/SNRPA1/THOC1/SF1/FUS/SNRNP200/TRA2A/SNRPD2/SNRNP40/SRSF7"
"hsa05134","Legionellosis",46,0.540471486560614,2.14202436175247,8.85602783874142e-05,0.0029933374094946,0.00217205735413342,2018,"tags=52%, list=18%, signal=43%","CR1/NAIP/TLR2/NLRC4/CLK4/ITGB2/CXCL1/TLR5/CD14/CR1L/TNF/IL18/TLR4/CASP9/HSPA1L/NFKBIA/BCL2L13/HSPA6/RAB1B/PYCARD/RAB1A/CASP1/MYD88/APAF1"
"hsa05340","Primary immunodeficiency",32,-0.57244310539134,-2.07681187435535,8.14476300739704e-05,0.0029933374094946,0.00217205735413342,1369,"tags=47%, list=12%, signal=41%","BLNK/ZAP70/CD79A/CIITA/CD19/ICOS/CD40/CD8B/LCK/DCLRE1C/ADA/CD40LG/CD3D/CD8A/IL7R"
"hsa04620","Toll-like receptor signaling pathway",76,0.445407350402483,1.93389330217294,0.00014114976916,0.00366989399816001,0.00266298754771498,3111,"tags=54%, list=28%, signal=39%","IRF5/MAP3K8/TLR2/FOS/MAPK14/TLR6/TOLLIP/MAP2K6/TLR8/MAPK1/RAC1/STAT2/TLR5/CD14/TNF/PIK3R2/TLR4/STAT1/NFKBIA/TLR7/IKBKG/TIRAP/JUN/MAP2K1/MAPK3/TLR1/IRF7/MYD88/FADD/MAP2K4/CHUK/TAB2/TBK1/IL1B/IFNAR1/IFNAR2/LY96/MAP2K2/CD86/CTSK/AKT1"
"hsa05206","MicroRNAs in cancer",127,0.380283415611569,1.80846077445833,0.000130203627569047,0.00366989399816001,0.00266298754771498,1508,"tags=28%, list=14%, signal=24%","THBS1/ITGB3/MMP9/CYP1B1/TRIM71/VEGFA/VIM/TPM1/SOX4/SOCS1/IRS1/IRS2/SOS2/BCL2L2/ZEB2/BCL2L11/MAPK1/E2F2/TGFB2/APC/PIK3R2/MARCKS/MDM2/PDGFA/RECK/DDIT4/FSCN1/PLCG2/HDAC4/PTEN/CDKN1A/NOTCH2/MAP2K1/MAPK3/ROCK1"
"hsa04380","Osteoclast differentiation",118,0.384339661364843,1.80359623837397,0.000138816715124298,0.00366989399816001,0.00266298754771498,2480,"tags=46%, list=23%, signal=36%","ITGB3/OSCAR/IL1R1/SOCS1/SIRPA/LILRA5/LILRA2/SIRPB1/FOS/MAPK14/MAP2K6/PPP3R1/GAB2/MAPK1/RAC1/STAT2/IFNGR1/TGFB2/TNF/PIK3R2/MITF/PLCG2/STAT1/LILRA6/NFKBIA/FCGR1A/IFNGR2/LILRB4/IKBKG/CSF1/CYBA/JUN/MAP2K1/MAPK3/SPI1/SQSTM1/FOSL2/SYK/LILRB2/ATP2A2/TYROBP/TGFB1/PPP3CA/TGFBR1/LILRB3/NCF1/SOCS3/LILRB1/NCF4/TNFRSF1A/GRB2/FCGR3B/CHUK/TAB2"
"hsa04510","Focal adhesion",134,0.371248473295066,1.76850105469536,0.000163131557908387,0.00393846189807391,0.00285786864606422,1699,"tags=28%, list=15%, signal=24%","THBS1/ITGB3/EGF/ITGA2B/ITGB5/MYL9/PDGFC/VEGFA/IGF1R/ITGA9/PARVB/TLN1/MYLK4/VAV3/ZYX/SOS2/PIP5K1B/MAPK1/RAC1/MYLK/LAMC1/PPP1R12A/BRAF/BIRC2/PIK3R2/THBS2/PDGFA/VWF/CCND3/PTEN/JUN/MAP2K1/MAPK3/ROCK1/COL9A3/PAK1/VCL"
"hsa03030","DNA replication",33,-0.563172734837928,-2.0620419273801,0.000176021153903364,0.00396634333462247,0.00287810027084097,3446,"tags=64%, list=31%, signal=44%","RFC4/RFC1/POLA2/RPA3/MCM6/PCNA/LIG1/POLE4/POLD2/FEN1/RPA1/MCM2/RNASEH1/RNASEH2B/MCM3/RNASEH2C/MCM4/MCM7/RFC5/SSBP1/PRIM1"
"hsa04145","Phagosome",110,0.392950560567615,1.82338086877602,0.000195212214489205,0.00412385803108447,0.00299239776157795,2546,"tags=46%, list=23%, signal=36%","FCAR/HLA-DRB4/THBS1/ITGB3/MPO/HLA-DQA1/ITGB5/TUBB2A/MRC2/MARCO/TLR2/ATP6AP1/HLA-DPA1/ATP6V0C/CLEC7A/TLR6/ATP6V1C1/ITGB2/RAC1/CD14/TUBB1/THBS2/CD36/TAP2/TLR4/FCGR1A/LAMP2/STX7/VAMP3/ATP6V0D1/RAB7A/CYBA/RAB5C/HLA-F/RAB5A/ATP6V0A1/TUBA4A/RILP/STX12/CTSS/NCF1/TCIRG1/ATP6V1B2/NCF4/LAMP1/TAP1/ATP6V0B/FCGR3B/CYBB/DYNC1LI2/ITGAM"
"hsa05202","Transcriptional misregulation in cancer",125,0.367797481667768,1.75086204895607,0.000220633280142807,0.00426259453556084,0.00309306922075888,1664,"tags=33%, list=15%, signal=28%","DEFA4/MMP9/MPO/GADD45A/ETV7/SMAD1/PBX1/IGF1R/IL1R2/CEBPA/BCL2L1/JMJD1C/HHEX/ETV5/CEBPE/CDK14/REL/MEIS1/CD14/PML/RXRA/BIRC2/TFE3/MDM2/BMP2K/PDGFA/MITF/JUP/LYL1/FCGR1A/PTCRA/MLLT1/SP1/FLI1/SPINT1/CDKN1A/BCL6/KDM6A/SPI1/BCL2A1/LMO2"
"hsa05152","Tuberculosis",139,0.362583799394124,1.73569771633499,0.00022700207585827,0.00426259453556084,0.00309306922075888,2657,"tags=50%, list=24%, signal=38%","HLA-DRB4/HLA-DQA1/CAMP/CR1/CLEC4E/MRC2/TLR2/ATP6AP1/HLA-DPA1/ATP6V0C/JAK2/CLEC7A/MAPK14/TLR6/CTSD/PPP3R1/VDR/MAPK1/ITGB2/CD14/CR1L/IFNGR1/TGFB2/TNF/IL18/TLR4/CASP9/STAT1/FCGR1A/LAMP2/IFNGR2/NOD2/CAMK2G/TIRAP/ATP6V0D1/RAB7A/MAPK3/RAB5C/TLR1/RAB5A/CALML4/RIPK2/SYK/ATP6V0A1/MYD88/TGFB1/PPP3CA/FADD/CREBBP/APAF1/CTSS/IRAK2/FCER1G/CASP10/TCIRG1/NFYA/TNFRSF1A/LAMP1/NFYC/ATP6V0B/SPHK2/CEBPB/FCGR3B/EP300/CAMK2B/ITGAM/IL1B/CORO1A/ITGAX"
"hsa04142","Lysosome biogenesis",207,0.32002116855049,1.63538364973606,0.0002687624417315,0.00478114238448668,0.00346934343066147,2763,"tags=38%, list=25%, signal=29%","RRAGD/OSBPL1A/CTBS/SORT1/ATP6AP1/FUCA1/CTSA/TFEB/SLC15A3/ATP6V0C/SLC36A1/CTSD/TLR8/DMXL2/LAMP3/ARSB/CLTCL1/GM2A/ATP6V1C1/SLC15A4/CD63/SLC11A1/DNASE2/TFE3/ASAH1/SGSH/MITF/CTSB/LAMP2/TLR7/MANBA/CTSH/AP1S1/ATP6V0D1/TPCN2/RAB7A/CTNS/RRAGC/AP2A2/MCOLN1/GALC/GLA/MAN2B1/CLN6/IGF2R/AKT1S1/GNS/ARL8A/AP1B1/TPP1/ATP6V0A1/OSBPL2/SUMF1/SLC29A3/NEU1/LAPTM4B/CTSS/IDS/OSBPL5/TCIRG1/ATP6V1B2/SLC36A4/LAMP1/AP2A1/ATP6V0B/SNAP29/AP2B1/VPS26A/GPR155/ARSA/GALNS/FIG4/NAGA/HGSNAT/SLC2A6/AP2S1/AP3B1/CD164/ARL8B"
"hsa05133","Pertussis",54,0.490049878676193,1.99373206659217,0.000315741897059164,0.00493488980218719,0.00358090726848214,2965,"tags=50%, list=27%, signal=37%","SERPING1/CXCL5/NLRP3/FOS/MAPK14/MAPK1/ITGB2/GNAI3/CD14/TNF/TLR4/C2/TIRAP/JUN/PYCARD/MAPK3/CALML4/CASP1/MYD88/C4BPB/C1QA/ITGAM/IL1B/GNAI2/RHOA/CASP7/LY96"
"hsa01521","EGFR tyrosine kinase inhibitor resistance",64,0.455348207699459,1.92718119225946,0.000321205845112776,0.00493488980218719,0.00358090726848214,1665,"tags=34%, list=15%, signal=29%","NRG1/EGF/PDGFC/VEGFA/IGF1R/TGFA/BCL2L1/GAB1/FOXO3/JAK2/SOS2/BCL2L11/MAPK1/BRAF/PIK3R2/EIF4E/PDGFA/PLCG2/PTEN/MAP2K1/MAPK3/EIF4EBP1"
"hsa04010","MAPK signaling pathway",208,0.31790186625831,1.61921446391197,0.000315864180632887,0.00493488980218719,0.00358090726848214,2572,"tags=33%, list=23%, signal=26%","CACNA1E/EGF/GADD45A/PDGFC/VEGFA/IL1R1/IGF1R/TGFA/MAP3K8/STK3/FAS/IL1RAP/PPM1B/MAP3K2/MKNK1/FOS/MAPK14/SOS2/MAP2K6/PPP3R1/MAPK1/RAC1/CD14/PRKACA/TAOK2/INSR/BRAF/TGFB2/MAP3K5/TNF/PDGFA/HSPA1L/IKBKG/PPM1A/HSPA6/DUSP3/RASGRP4/CSF1/JUN/RAPGEF2/MAP2K1/STK4/MAPK3/DUSP1/GNA12/PAK1/EFNA3/RASA1/RPS6KA4/MYD88/TGFB1/PPP3CA/CACNB3/TGFBR1/MAP2K4/RAP1A/MAP3K6/MAP3K11/TNFRSF1A/MAP4K4/MAP3K3/GRB2/CHUK/TAB2/CACNA2D4/RPS6KA3/PAK2/IL1B"
"hsa04518","Integrin signaling",87,0.408436702566394,1.82138745533446,0.000410243607795036,0.00602879736672705,0.00437468011973654,1081,"tags=23%, list=10%, signal=21%","THBS1/ITGB3/EGF/ITGA2B/ITGB5/PDGFC/VEGFA/IGF1R/ITGA9/PARVB/TLN1/ITGB2/RAC1/LAMC1/FERMT3/PIK3R2/THBS2/ICAM1/PDGFA/VWF"
"hsa04144","Endocytosis",199,0.310900363882329,1.58141726366771,0.000538511818942923,0.00758404145011284,0.00550321288656584,2748,"tags=40%, list=25%, signal=30%","FOLR3/NEDD4L/IGF1R/ASAP1/PLD1/ZFYVE16/ACTR2/PIP5K1B/CLTCL1/EHD3/CXCR4/STAM2/EHD2/EPS15L1/PML/SNX3/MDM2/HSPA1L/CHMP1B/HSPA6/ACAP2/SH3GLB1/EHD4/RAB7A/FOLR2/AP2A2/RAB11A/PARD3/ARF3/ARFGEF1/RAB5C/HLA-F/SMAD2/IGF2R/AGAP2/RAB5A/SMAP2/CAPZB/RAB10/VTA1/RAB11B/IQSEC2/WIPF2/CXCR1/VPS37C/SH3GL1/CBL/TGFBR1/VPS37A/ARF4/RAB11FIP4/EHD1/KIF5B/ARAP1/AP2A1/CYTH4/USP8/MVB12B/ARAP3/PLD2/SMURF1/AP2B1/VPS26A/GIT2/EPN1/GRK6/RNF41/IST1/CHMP2B/CHMP2A/ASAP2/ACTR3B/IQSEC1/SNX6/AP2S1/ARPC4/RHOA/TFRC/CBLC"
"hsa05130","Pathogenic Escherichia coli infection",150,0.3401242079897,1.65508987783037,0.000620326846437677,0.00838681896383739,0.00608573285136753,3301,"tags=48%, list=30%, signal=34%","TUBB2A/IL1R1/CTTN/TNFSF10/WASF1/FAS/NAIP/NLRP3/FOS/ACTR2/MAPK14/SEC24D/MAPK1/CYFIP1/RAC1/TLR5/TUBB1/TNF/MYO5A/IL18/TLR4/CASP9/NFKBIA/ARHGEF11/IKBKG/TIRAP/TAB3/CLDN5/JUN/PYCARD/RAB1A/LPAR1/MAPK3/ROCK1/GAPDH/CLDN23/GNA12/SEC24B/PAK1/CASP1/WIPF2/F2R/MYD88/TUBA4A/FADD/ABI1/TNFRSF1A/CYTH4/CHUK/ABCF2/NFKBIB/TAB2/CLDN9/PAK2/IL1B/ACTR3B/ARPC4/RHOA/BAIAP2/ARHGEF2/TUBB3/CASP7/NCK2/MYO1G/HCLS1/CASP4/NCKAP1L/ARPC5/LPAR2/WASF2/TUBA1A/MYH9"
"hsa04657","IL-17 signaling pathway",61,0.445315870030655,1.85661712832609,0.000716943431623264,0.00897041504600287,0.00650920805268972,2970,"tags=49%, list=27%, signal=36%","LCN2/MMP9/CXCL5/IL17RA/FOS/MAPK14/MAPK1/CXCL1/ELAVL1/TNF/USP25/NFKBIA/S100A9/IKBKG/TAB3/JUN/MAPK3/FADD/CSF2/S100A8/CEBPB/MAPK6/CHUK/TAB2/TBK1/IL1B/MAPK7/MUC5B/MUC5AC/GSK3B"
"hsa05418","Fluid shear stress and atherosclerosis",102,0.373325181483543,1.70022725262404,0.000733096714889887,0.00897041504600287,0.00650920805268972,1705,"tags=29%, list=15%, signal=25%","ITGB3/MMP9/ITGA2B/MGST1/VEGFA/IL1R1/IL1R2/MEF2A/FOS/MAPK14/MAP2K6/RAC1/NFE2L2/MAP3K5/TNF/PIK3R2/ICAM1/THBD/PDGFA/IKBKG/CYBA/PECAM1/JUN/MGST2/PRKAA1/DUSP1/SQSTM1/TXN/CDH5/CALML4"
"hsa04015","Rap1 signaling pathway",134,0.351624628947211,1.67501975598904,0.000743111305586036,0.00897041504600287,0.00650920805268972,2736,"tags=36%, list=25%, signal=27%","DOCK4/THBS1/ITGB3/EGF/SIPA1L2/ITGA2B/PDGFC/VEGFA/IGF1R/TLN1/VAV3/MAPK14/MAP2K6/MAPK1/ITGB2/RAC1/GNAI3/INSR/BRAF/PIK3R2/PDGFA/RGS14/CSF1/RAPGEF2/MAP2K1/PARD3/LPAR1/MAPK3/GNAQ/CALML4/SIPA1L1/EFNA3/RAP1GAP/F2R/ADCY4/RAP1A/ARAP3/SIPA1/VASP/APBB1IP/ITGAM/GNAI2/FPR1/ADCY7/RALB/BCAR1/RHOA/ADCY3"
"hsa05417","Lipid and atherosclerosis",158,0.328045142185093,1.60966771365362,0.000787892724318034,0.00918302554549984,0.00666348474650097,2620,"tags=39%, list=24%, signal=30%","MMP9/SELP/TNFSF10/FAS/BCL2L1/TLR2/VAV3/NLRP3/MIB1/FOS/JAK2/MAPK14/TLR6/MAP2K6/PPP3R1/MAPK1/RAC1/CXCL1/NFE2L2/CD14/MAP3K5/RXRA/TNF/PIK3R2/CD36/ICAM1/IL18/TANK/TLR4/CASP9/HSPA1L/NFKBIA/CAMK2G/IKBKG/TIRAP/HSPA6/CYBA/JUN/PYCARD/MAPK3/CALML4/CASP1/IRF7/MYD88/PPP3CA/APAF1/MAP2K4/NCF1/RAP1A/NCF4/TNFRSF1A/CHUK/CYBB/TAB2/CAMK2B/LYN/ATF6/TBK1/IL1B/ABCA1/DDIT3"
"hsa00532","Glycosaminoglycan biosynthesis - chondroitin sulfate / dermatan sulfate",16,0.662322303188803,1.99867089913891,0.000909408883110717,0.0102460067497141,0.00743481648297533,2202,"tags=56%, list=20%, signal=45%","CHST13/CHST11/DSE/CSGALNACT2/XYLT1/CHST7/CHPF2/CHST15/B3GALT6"
"hsa04140","Autophagy - animal",151,0.331598032858502,1.61358522407178,0.000946809569037396,0.0103232785269239,0.00749088725248602,1645,"tags=26%, list=15%, signal=23%","WDR41/RRAGD/WIPI1/IGF1R/MTMR3/BCL2L1/WDFY3/IRS1/IRS2/CTSD/MAPK1/ATG2B/CFLAR/CAMKK2/PRKACA/ATG3/DAPK1/PIK3R2/C9orf72/ATG7/DDIT4/DAPK2/TANK/CTSB/LAMP2/STX7/PRKCD/SH3GLB1/PTEN/RAB7A/RRAGC/MAP2K1/RAB1A/WDR45/PRKAA1/MAPK3/ATG9A/SQSTM1/ULK1/AKT1S1"
"hsa00600","Sphingolipid metabolism",34,0.53043220639535,1.94130247297486,0.00110516713840939,0.0116733278994492,0.00847052444899301,3190,"tags=59%, list=29%, signal=42%","B4GALT5/ACER3/GM2A/SMPD3/SAMD8/ASAH1/GALC/GLA/DEGS1/SGPL1/SPTLC1/SGMS2/NEU1/CERS2/CERS6/SPHK2/ARSA/GBA2/UGCG/SMPD1"
"hsa04668","TNF signaling pathway",97,0.384247102515221,1.74196450243907,0.00125629214819649,0.0124890219438357,0.00906241704426569,2480,"tags=40%, list=23%, signal=31%","MMP9/CXCL5/MAP3K8/IL18R1/FAS/FOS/MAPK14/MAP2K6/MAPK1/CXCL1/CFLAR/JAG1/MLKL/MAP3K5/TNF/BIRC2/PIK3R2/ICAM1/NFKBIA/NOD2/IKBKG/DAB2IP/TAB3/CSF1/JUN/MAP2K1/MAPK3/RHBDF2/RPS6KA4/FADD/MAP2K4/MMP14/SOCS3/CASP10/CSF2/TNFRSF1A/CEBPB/CHUK/TAB2"
"hsa04820","Cytoskeleton in muscle cells",113,0.364190331404353,1.69880931954701,0.00123307525018054,0.0124890219438357,0.00906241704426569,1717,"tags=27%, list=16%, signal=23%","DSC2/THBS1/ITGB3/ITGA2B/ITGB5/MYL9/VCAN/TMOD1/VIM/ITGA9/DAAM2/TPM1/SYNE1/TLN1/PDLIM7/ZYX/FBN2/AMPD3/THBS2/JUP/TMEM43/SNTB2/AGRN/TMOD2/DIAPH2/TMOD3/PDLIM5/COL9A3/VCL/CAPZB"
"hsa05144","Malaria",32,0.532449092642206,1.93346819093975,0.00137983564067751,0.0127551293571614,0.00925551273814576,2044,"tags=59%, list=19%, signal=48%","THBS1/CR1/SELP/TLR2/ITGB2/CR1L/TGFB2/TNF/THBS2/CD36/ICAM1/IL18/TLR4/PECAM1/ACKR1/MYD88/TGFB1/LRP1/GYPB"
"hsa04930","Type II diabetes mellitus",32,0.530157399734106,1.92514642759665,0.00150948276416111,0.0127551293571614,0.00925551273814576,1605,"tags=44%, list=15%, signal=37%","CACNA1E/HK2/SOCS1/IRS1/IRS2/MAPK1/HK3/INSR/TNF/HK1/PIK3R2/PRKCD/MAPK3/PKM"
"hsa03013","Nucleocytoplasmic transport",90,-0.373336816966564,-1.7150231055851,0.00138041316833922,0.0127551293571614,0.00925551273814576,3893,"tags=52%, list=35%, signal=34%","NUP188/SEC13/NXT1/IPO4/UBE2I/CSE1L/ALYREF/GLE1/NCBP2/NUP107/SAP18/XPOT/NUP160/RANGAP1/NUP85/RANBP2/NUP37/KPNA6/NXF1/KPNA1/DDX19B/SEH1L/EEF1A1/RAN/NUP62/NUP35/PHAX/UPF3A/NDC1/XPO7/NMD3/XPO5/THOC2/NUP88/NUP210/NUP43/SRRM1/TPR/IPO5/XPO4/THOC1/NUP205/IPO7/KPNA3/KPNA5/IPO9/XPO1"
"hsa04519","Cadherin signaling",163,0.319889263991794,1.56951366631623,0.00150590527455188,0.0127551293571614,0.00925551273814576,2980,"tags=40%, list=27%, signal=30%","DSC2/IGF1R/VIM/STK3/LHFPL2/DAAM2/WASF1/VAV3/KRT1/ACTR2/MAPK14/TMC4/MAPK1/CYFIP1/RAC1/ADAM10/ANKRD6/TAOK2/APC/SCN1B/APH1B/MOB1A/CTNNA1/JUP/LATS2/NFKBIA/KRT23/IKBKG/PSENEN/YWHAE/LATS1/MAP2K1/PTK2B/MAPK3/ROCK1/PCDHB13/TCF7L2/DVL3/CDH5/VCL/KRT33A/ACTN4/MOB1B/CREBBP/CELSR3/ACTN1/NCSTN/PRICKLE3/PCDH12/WWC1/EP300/CHUK/VASP/PSEN1/YWHAZ/WNT7B/ACTR3B/CDH22/ARPC4/RHOA/PPP1CB/ARHGAP35/GSK3B/MAP2K2/CTNNB1"
"hsa04810","Regulation of actin cytoskeleton",158,0.318694752772788,1.56378677224774,0.001398356648219,0.0127551293571614,0.00925551273814576,1834,"tags=26%, list=17%, signal=22%","ITGB3/EGF/ITGA2B/ITGB5/MYL9/PDGFC/GSN/ITGA9/WASF1/MYLK4/VAV3/PIP4K2A/ACTR2/SOS2/PIP5K1B/CXCR4/MAPK1/ITGB2/CYFIP1/RAC1/MYLK/PPP1R12A/IQGAP2/SSH3/BRAF/APC/PIK3R2/PDGFA/LIMK2/SLC9A1/DIAPH2/MAP2K1/LPAR1/MAPK3/ROCK1/SSH2/GNA12/PAK1/VCL/ACTN4/F2R"
"hsa04151","PI3K-Akt signaling pathway",213,0.298398630106532,1.52942663160565,0.0014422650249451,0.0127551293571614,0.00925551273814576,1755,"tags=24%, list=16%, signal=21%","THBS1/ITGB3/EGF/ITGA2B/ITGB5/PDGFC/VEGFA/IGF1R/TGFA/ITGA9/GNG11/BCL2L1/TLR2/FOXO3/IRS1/JAK2/SOS2/MYB/EPOR/BCL2L11/MAPK1/RAC1/LAMC1/GNB4/INSR/IL4R/RXRA/PIK3R2/THBS2/MDM2/EIF4E/PDGFA/DDIT4/VWF/TLR4/CASP9/IKBKG/PPP2R2D/CCND3/PTEN/YWHAE/CDKN1A/CSF1/MAP2K1/LPAR1/PRKAA1/MAPK3/PPP2R5B/COL9A3/EIF4EBP1/EFNA3/SYK"
"hsa00970","Aminoacyl-tRNA biosynthesis",20,-0.603799458329518,-1.92022120010756,0.00155959624424949,0.0128571592818616,0.0093295487781805,2624,"tags=60%, list=24%, signal=46%","FARS2/GATC/LARS2/NARS2/FARSB/YARS2/CARS2/QRSL1/RARS2/AARS2/EARS2/WARS2"
"hsa05215","Prostate cancer",85,0.389933544960382,1.73158950486757,0.00174674779355943,0.0140571608148354,0.010200306664144,1534,"tags=29%, list=14%, signal=26%","FOLR3/EGF/MMP9/PDGFC/IGF1R/TGFA/IL1R2/ETV5/SOS2/MAPK1/E2F2/BRAF/PIK3R2/MDM2/PDGFA/CASP9/NFKBIA/IKBKG/SPINT1/PTEN/CDKN1A/FOLR2/MAP2K1/MAPK3/TCF7L2"
"hsa05205","Proteoglycans in cancer",134,0.335442565478885,1.59793392703767,0.00190686962617328,0.0149888821778271,0.0108763922374143,1643,"tags=27%, list=15%, signal=23%","THBS1/ITGB3/MMP9/ITGB5/ANK1/VEGFA/IGF1R/CTTN/PLAUR/HPSE/FAS/TLR2/GAB1/VAV3/MAPK14/SOS2/MAPK1/RAC1/PPP1R12A/CD63/PRKACA/BRAF/TGFB2/TNF/PIK3R2/MDM2/PLCG2/TLR4/SLC9A1/CAMK2G/CDKN1A/MAP2K1/MAPK3/ROCK1/SMAD2/PAK1"
"hsa05160","Hepatitis C",115,0.352454837175386,1.64268640389792,0.00213503841691748,0.016400976929957,0.0119010514627218,2980,"tags=43%, list=27%, signal=31%","RSAD2/EGF/IFIT1/OAS3/FAS/SOS2/MAPK1/PIAS1/CFLAR/STAT2/E2F2/BRAF/RXRA/TNF/PIK3R2/CASP9/STAT1/NFKBIA/EIF2AK2/IKBKG/PPP2R2D/YWHAE/CDKN1A/CLDN5/MAP2K1/MX1/MAPK3/MX2/RNASEL/CLDN23/IRF7/FADD/APAF1/SOCS3/RB1/TNFRSF1A/GRB2/CHUK/CLDN9/TBK1/YWHAZ/IFNAR1/OAS2/E2F3/IFNAR2/PPP2R2C/GSK3B/MAP2K2/CTNNB1"
"hsa05218","Melanoma",50,0.445013361207763,1.77951080610403,0.00231770197953795,0.0174085170907517,0.0126321534791191,1505,"tags=30%, list=14%, signal=26%","EGF/GADD45A/PDGFC/IGF1R/MAPK1/E2F2/BRAF/PIK3R2/MDM2/PDGFA/MITF/PTEN/CDKN1A/MAP2K1/MAPK3"
"hsa05200","Pathways in cancer",351,0.264549746324455,1.45179198759559,0.00244098083582141,0.0179359026632095,0.0130148406120455,2018,"tags=27%, list=18%, signal=23%","EGF/MMP9/ITGA2B/MGST1/GADD45A/VEGFA/IGF1R/TGFA/GNG11/CEBPA/FAS/PLD1/BCL2L1/IL13RA1/EPAS1/FOS/JAK2/SOS2/CDKN2B/EPOR/BCL2L11/CXCR4/MAPK1/RAC1/CSF2RA/NFE2L2/LAMC1/GNAI3/SLC2A1/STAT2/GNB4/JAG1/CTBP2/PRKACA/E2F2/BRAF/IFNGR1/TGFB2/PML/IL4R/RXRA/DAPK1/BIRC2/APC/PIK3R2/MDM2/CTNNA1/PDGFA/EGLN1/DAPK2/MITF/PLCG2/JUP/CASP9/STAT1/NFKBIA/ARHGEF11/IFNGR2/CAMK2G/IKBKG/SP1/CCND3/PTEN/CDKN1A/HEY1/RASGRP4/JUN/NOTCH2/MAP2K1/MGST2/STK4/LPAR1/MAPK3/ROCK1/TCF7L2/SPI1/GNA12/SMAD2/HES1/GNAQ/NOTCH1/DVL3/CALML4/IL15RA/F2R/ZBTB16/TGFB1/ADCY4/PTGER4/CBL/FADD/CREBBP/TGFBR1/NCOA1/APAF1"
"hsa04512","ECM-receptor interaction",35,0.490323073596146,1.81109656220184,0.00292455530636897,0.0205937436156815,0.0149434514557888,1617,"tags=40%, list=15%, signal=34%","THBS1/ITGB3/ITGA2B/ITGB5/ITGA9/GP1BA/LAMC1/THBS2/CD36/VWF/AGRN/GP5/COL9A3/GP9"
"hsa04666","Fc gamma R-mediated phagocytosis",77,0.3792356021797,1.65007010698354,0.00291658136661162,0.0205937436156815,0.0149434514557888,3359,"tags=53%, list=31%, signal=37%","GSN/ASAP1/WASF1/PLD1/VAV3/ACTR2/GAB2/PIP5K1B/MAPK1/RAC1/PTPRC/PIK3R2/MARCKS/LIMK2/PLCG2/FCGR1A/PRKCD/WAS/MAP2K1/MAPK3/PAK1/SYK/NCF1/LIMK1/SPHK2/PLD2/FCGR3B/VASP/HCK/LYN/ASAP2/ACTR3B/ARPC4/INPPL1/AKT1/CRKL/INPP5D/ARPC5/DNM2/WASF2/RPS6KB2"
"hsa05231","Choline metabolism in cancer",76,0.389907239792153,1.69291997274273,0.00350337144375433,0.0241661132242646,0.0175356723178251,1505,"tags=30%, list=14%, signal=26%","EGF/PDGFC/SLC44A1/WASF1/PCYT1B/PLD1/FOS/SOS2/SLC22A4/PIP5K1B/MAPK1/RAC1/PIK3R2/CHPT1/PDGFA/DGKH/WAS/SP1/JUN/DGKG/SLC44A2/MAP2K1/MAPK3"
"hsa04330","Notch signaling pathway",55,0.429702170015209,1.75666981789432,0.00362772992294135,0.0245234542790836,0.0177949699377965,3810,"tags=62%, list=35%, signal=41%","MAML3/ATXN1L/KAT2B/MAML1/JAG1/CTBP2/APH1B/PTCRA/TLE4/PSENEN/HEY1/NOTCH2/ATXN1/TLE3/HES1/NOTCH1/DVL3/DTX1/CREBBP/NCSTN/EP300/PSEN1/CIR1/JAG2/MAML2/NOTCH3/HEYL/TLE1/HDAC2/RFNG/RBPJ/DLL3/PSEN2/ADAM17"
"hsa00910","Nitrogen metabolism",10,0.690816255288166,1.81353210060024,0.00471713585108483,0.0312625866209151,0.022685090883442,537,"tags=40%, list=5%, signal=38%","GLUL/CA4/CA2/CA1"
"hsa05146","Amoebiasis",59,0.404714779444147,1.66997837137746,0.00526249334084114,0.0342062067154674,0.0248210718302831,2097,"tags=42%, list=19%, signal=34%","ARG1/IL1R1/IL1R2/TLR2/GNA15/ITGB2/CXCL1/LAMC1/CD14/PRKACA/TGFB2/TNF/PIK3R2/TLR4/CD1D/RAB7A/RAB5C/GNAQ/RAB5A/VCL/ACTN4/TGFB1/ACTN1/ARG2/GNAL"
"hsa04670","Leukocyte transendothelial migration",80,0.37030874007476,1.61719648673166,0.00538623373920474,0.0343499434688906,0.0249253716233308,3067,"tags=52%, list=28%, signal=38%","MMP9/MYL9/VAV3/MAPK14/ESAM/CXCR4/ITGB2/RAC1/GNAI3/PIK3R2/ICAM1/F11R/CTNNA1/JAM3/PLCG2/CYBA/CLDN5/PECAM1/PTK2B/ROCK1/CLDN23/CDH5/VCL/ACTN4/ACTN1/NCF1/RAP1A/CD99L2/NCF4/SIPA1/CYBB/VASP/ITGAM/CLDN9/GNAI2/BCAR1/RHOA/NCF2/MYL5/ARHGAP35/CTNNB1/PXN"
"hsa04066","HIF-1 signaling pathway",85,0.366478490948759,1.62743194805425,0.0056527465654473,0.035382006280022,0.0256742680263006,2126,"tags=36%, list=19%, signal=30%","EGF/VEGFA/HK2/IGF1R/MKNK1/EPAS1/MAPK1/ALDOA/HK3/SLC2A1/INSR/IFNGR1/HK1/PIK3R2/EIF4E/EGLN1/PLCG2/TLR4/IFNGR2/CAMK2G/CDKN1A/LTBR/MAP2K1/MAPK3/GAPDH/PFKFB3/EIF4EBP1/TIMP1/CREBBP/ENO1/ARNT"
"hsa00500","Starch and sucrose metabolism",20,0.562817643529803,1.77807734591404,0.00618566520675244,0.0380137243614968,0.0275839233143219,2484,"tags=65%, list=23%, signal=50%","HK2/GBE1/HK3/MGAM/HK1/GYG1/PYGL/PGM1/PGM2/PYGB/G6PC3/PYGM/GYS1"
"hsa03082","ATP-dependent chromatin remodeling",81,-0.342860308726404,-1.53238886601511,0.00744367778613946,0.0441397033634234,0.0320291214066573,3588,"tags=44%, list=33%, signal=30%","ACTL6A/SMARCD1/INO80C/SMARCB1/RSF1/EP400/INO80E/PHF6/MEAF6/EPC1/HDAC1/ARID1B/ACTR5/NFRKB/CHD4/SMARCE1/BRD9/SMARCA4/RUVBL1/ACTR8/BRD7/ARID2/RUVBL2/SMARCC1/PHF10/BAZ1B/INO80D/DPF3/PBRM1/SMARCC2/CHD3/RBBP4/SS18/ACTR6/BCL7A/MORF4L2"
"hsa04062","Chemokine signaling pathway",134,0.314652054646647,1.49889502727297,0.00732354087411398,0.0441397033634234,0.0320291214066573,3247,"tags=49%, list=29%, signal=35%","PF4V1/CXCL5/GNG11/FOXO3/VAV3/JAK2/SOS2/CXCR4/MAPK1/RAC1/CXCL1/GNAI3/STAT2/GNB4/PRKACA/BRAF/GSK3A/PIK3R2/CXCL16/PLCG2/STAT1/NFKBIA/CCR2/PRKCD/WAS/IKBKG/PF4/MAP2K1/PTK2B/PARD3/FGR/MAPK3/ROCK1/PREX1/GNAQ/PAK1/PPBP/CXCR1/ADCY4/NCF1/RAP1A/CCR1/GRB2/CHUK/NFKBIB/HCK/GRK6/LYN/GNAI2/GNB2/ADCY7/BCAR1/PIK3R5/RHOA/ADCY3/GNB1/GSK3B/ARRB1/SHC1/PXN/GNG5/AKT1/CRKL/CXCR2/GRK1"
"hsa04150","mTOR signaling pathway",113,0.333935225967412,1.55768076492021,0.0076427660787222,0.0445388781828983,0.0323187748882445,1665,"tags=26%, list=15%, signal=22%","GRB10/RRAGD/NPRL3/IGF1R/SLC7A5/IRS1/SOS2/FNIP2/ATP6V1C1/MAPK1/INSR/BRAF/TNF/FNIP1/PIK3R2/EIF4E/DDIT4/LPIN2/CLIP1/PTEN/RRAGC/MAP2K1/PRKAA1/MAPKAP1/MAPK3/DVL3/ULK1/AKT1S1/EIF4EBP1"
"hsa00770","Pantothenate and CoA biosynthesis",16,0.577827491115301,1.74369334333799,0.00824457982642028,0.0465444124818358,0.0337740520344682,906,"tags=38%, list=8%, signal=34%","VNN1/CSAD/UPB1/DPYD/BCAT1/ALDH2"
"hsa05164","Influenza A",130,0.315596958846948,1.50290707233052,0.00826232174233772,0.0465444124818358,0.0337740520344682,2018,"tags=35%, list=18%, signal=29%","RSAD2/HLA-DRB4/HLA-DQA1/TNFSF10/OAS3/FAS/HLA-DPA1/NLRP3/JAK2/MAPK1/STAT2/IFNGR1/PML/IFIH1/TNF/PIK3R2/ICAM1/IL18/TLR4/CASP9/STAT1/NFKBIA/NLRX1/TLR7/IFNGR2/EIF2AK2/IKBKG/NUP98/CCND3/MAP2K1/RAB11A/PYCARD/MX1/MAPK3/MX2/RNASEL/KPNA2/PRSS3/RAB11B/CASP1/DNAJC3/IRF7/MYD88/FADD/CREBBP/APAF1"
"hsa05165","Human papillomavirus infection",221,0.277058516470283,1.43196725947874,0.00856020792964025,0.0474319718068591,0.034418092279658,1665,"tags=23%, list=15%, signal=20%","THBS1/ITGB3/EGF/ITGA2B/ITGB5/MAML3/VEGFA/ITGA9/FAS/OASL/ATP6AP1/ATP6V0C/SOS2/ATP6V1C1/MAPK1/LAMC1/STAT2/MAML1/JAG1/PRKACA/ISG15/TNF/APC/PIK3R2/THBS2/MDM2/VWF/STAT1/EIF2AK2/IKBKG/ATP6V0D1/PPP2R2D/CCND3/PTEN/CDKN1A/HEY1/NOTCH2/MAP2K1/PARD3/MX1/MAPK3/MX2/TCF7L2/HLA-F/PPP2R5B/PKM/COL9A3/HES1/NOTCH1/DVL3/EIF4EBP1"
"hsa00410","beta-Alanine metabolism",22,0.544059841610905,1.76044678131158,0.00880860256491292,0.0480210914022672,0.0348455755114552,906,"tags=32%, list=8%, signal=29%","CSAD/ABAT/SMOX/ALDH3B1/UPB1/DPYD/ALDH2"
